filename,archivo,highpass_cutoff,min_silence_len,silence_thresh,transcripcion,num_chunks,palabras_sin_inaudibles,inaudibles
LP41335178.wav,D:/Repositorio/jonatha1992/Transcriptor/Audios/LP41335178.wav,300,500,-20,no hay otra de emer [inaudible] auditivo visual de [inaudible] amenazas para el país [inaudible] Tú nada más te aviso eso de toda la seguridad En qué parte de ezeiza [inaudible] María Laura Salinas para soñar dañar la bomba dónde la van a calle qué calle en el aeropuerto saben qué no en no sabes en qué no le informo hasta luego,17,58,4
LP41335178.wav,D:/Repositorio/jonatha1992/Transcriptor/Audios/LP41335178.wav,300,500,-25,no hay otra de emer [inaudible] auditivo visual de [inaudible] amenazas para el país [inaudible] Tú nada más te aviso eso de toda la seguridad En qué parte de ezeiza [inaudible] María Laura Salinas para soñar dañar la bomba dónde la van a calle qué calle en el aeropuerto saben qué no en no sabes en qué no le informo hasta luego,17,58,4
LP41335178.wav,D:/Repositorio/jonatha1992/Transcriptor/Audios/LP41335178.wav,300,500,-30,No yo no sea de emergencias [inaudible] auditivo visual delictivo En qué parte de ezeiza pisos en la María Laura Salinas para soñar soñar la bomba dónde la van a En qué calle en el aeropuerto saben qué no en un no sabes en qué No yo le informo Hasta luego Muchas gracias,12,52,1
LP41335178.wav,D:/Repositorio/jonatha1992/Transcriptor/Audios/LP41335178.wav,300,500,-35,No yo no sea de emergencias [inaudible] auditivo visual delictivo En qué parte de ezeiza pisos en la María Laura Salinas para soñar soñar la bomba dónde la van a En qué calle en el aeropuerto saben qué no en un no sabes en qué No yo le informo Hasta luego Muchas gracias,12,52,1
LP41335178.wav,D:/Repositorio/jonatha1992/Transcriptor/Audios/LP41335178.wav,300,800,-20,no hay otra de emer auditivo y visual de [inaudible] Tú nada más te aviso eso de toda la seguridad En qué parte de ezeiza para soñar dañar la bomba dónde la van a poner En qué calle en el aeropuerto saben qué parte no sabes en qué bien le informo hasta luego,9,52,1
LP41335178.wav,D:/Repositorio/jonatha1992/Transcriptor/Audios/LP41335178.wav,300,800,-25,no hay otra de emer auditivo y visual de [inaudible] Tú nada más te aviso eso de toda la seguridad En qué parte de ezeiza para soñar dañar la bomba dónde la van a poner En qué calle en el aeropuerto saben qué parte no sabes en qué bien le informo hasta luego,9,52,1
LP41335178.wav,D:/Repositorio/jonatha1992/Transcriptor/Audios/LP41335178.wav,300,800,-30,no hay otra de emergencias auditivo y visual delictivo desde donde ya lo concluí En qué parte de ezeiza Qué sucede en la plata María Laura Salinas es la circunferencia para sanear dañar la bomba dónde la van a ponerle Qué detalle en el aeropuerto saben qué parte no sabes en qué avión No solo le informó Hasta luego muchas,4,60,0
LP41335178.wav,D:/Repositorio/jonatha1992/Transcriptor/Audios/LP41335178.wav,300,800,-35,no hay otra de emergencias auditivo y visual delictivo desde donde ya lo concluí En qué parte de ezeiza Qué sucede en la plata María Laura Salinas es la circunferencia para sanear dañar la bomba dónde la van a ponerle Qué detalle en el aeropuerto saben qué parte no sabes en qué avión No solo le informó Hasta luego muchas,4,60,0
LP41335178.wav,D:/Repositorio/jonatha1992/Transcriptor/Audios/LP41335178.wav,300,1000,-20,no hay otra de emer auditivo y visual de En qué parte de ezeiza para soñar dañar la bomba dónde la van a poner en Qué detalle de ezeiza saben qué parte no sabes en qué bien yo le informo hasta luego,6,42,0
LP41335178.wav,D:/Repositorio/jonatha1992/Transcriptor/Audios/LP41335178.wav,300,1000,-25,no hay otra de emer auditivo y visual de En qué parte de ezeiza para soñar dañar la bomba dónde la van a poner en Qué detalle de ezeiza saben qué parte no sabes en qué bien yo le informo hasta luego,6,42,0
LP41335178.wav,D:/Repositorio/jonatha1992/Transcriptor/Audios/LP41335178.wav,300,1000,-30,no hay otra de emergencias para el país de poner una bomba de leche Yo nada más te aviso eso de toda la seguridad en qué parte de ezeiza para sanear dañar la bomba dónde la van a ponerle En qué calle defensa del aeropuerto saben qué parte no sabes en qué avión No solo le informó Hasta luego Muchas gracias,2,61,0
LP41335178.wav,D:/Repositorio/jonatha1992/Transcriptor/Audios/LP41335178.wav,300,1000,-35,no hay otra de emergencias para el país de poner una bomba de leche Yo nada más te aviso eso de toda la seguridad en qué parte de ezeiza para sanear dañar la bomba dónde la van a ponerle En qué calle defensa del aeropuerto saben qué parte no sabes en qué avión No solo le informó Hasta luego Muchas gracias,2,61,0
LP41335178.wav,D:/Repositorio/jonatha1992/Transcriptor/Audios/LP41335178.wav,500,500,-20,no hay otra emer [inaudible] auditivo y visual de [inaudible] y ahora la amenazas para el país [inaudible] Yo nada más te aviso eso de toda la seguridad En qué parte de ezeiza pisos María Laura Salinas para soñar soñar la bomba dónde la van a calle A qué distancia en el aeropuerto saben qué no en un no sabes en qué [inaudible] yo le informo hasta luego,17,64,4
LP41335178.wav,D:/Repositorio/jonatha1992/Transcriptor/Audios/LP41335178.wav,500,500,-25,no hay otra emer [inaudible] auditivo y visual de [inaudible] y ahora la amenazas para el país [inaudible] Yo nada más te aviso eso de toda la seguridad En qué parte de ezeiza pisos María Laura Salinas para soñar soñar la bomba dónde la van a calle A qué distancia en el aeropuerto saben qué no en un no sabes en qué [inaudible] yo le informo hasta luego,17,64,4
LP41335178.wav,D:/Repositorio/jonatha1992/Transcriptor/Audios/LP41335178.wav,500,500,-30,no hay otra de emergencias [inaudible] auditivo visual delly [inaudible] [inaudible] Yo nada más te aviso eso de toda la seguridad en qué parte de ezeiza pisos en [inaudible] para soñar soñar la bomba dónde la van a Oye Qué detalle en el aeropuerto saben qué no en un no sabes en [inaudible] yo le informo hasta luego,15,53,5
LP41335178.wav,D:/Repositorio/jonatha1992/Transcriptor/Audios/LP41335178.wav,500,500,-35,no hay otra de emergencias [inaudible] auditivo visual delly [inaudible] [inaudible] Yo nada más te aviso eso de toda la seguridad en qué parte de ezeiza pisos en [inaudible] para soñar soñar la bomba dónde la van a Oye Qué detalle en el aeropuerto saben qué no en un no sabes en [inaudible] yo le informo hasta luego,15,53,5
LP41335178.wav,D:/Repositorio/jonatha1992/Transcriptor/Audios/LP41335178.wav,500,800,-20,no hay otra de emer [inaudible] [inaudible] Yo nada más te aviso eso de toda la En qué parte de ezeiza para soñar soñar la bomba dónde la van a poner En qué calle en el aeropuerto saben qué parte no sabes en qué viene lo informo hasta luego,9,47,2
LP41335178.wav,D:/Repositorio/jonatha1992/Transcriptor/Audios/LP41335178.wav,500,800,-25,no hay otra de emer [inaudible] [inaudible] Yo nada más te aviso eso de toda la En qué parte de ezeiza para soñar soñar la bomba dónde la van a poner En qué calle en el aeropuerto saben qué parte no sabes en qué viene lo informo hasta luego,9,47,2
LP41335178.wav,D:/Repositorio/jonatha1992/Transcriptor/Audios/LP41335178.wav,500,800,-30,no hay otra de emer auditivo y visual Delhi En qué parte de ezeiza para escanear dañar la bomba dónde la van a poner Calle 13 en el aeropuerto saben qué parte no sabes en qué avión No yo le informo hasta luego,5,43,0
LP41335178.wav,D:/Repositorio/jonatha1992/Transcriptor/Audios/LP41335178.wav,500,800,-35,no hay otra de emer auditivo y visual Delhi En qué parte de ezeiza para escanear dañar la bomba dónde la van a poner Calle 13 en el aeropuerto saben qué parte no sabes en qué avión No yo le informo hasta luego,5,43,0
LP41335178.wav,D:/Repositorio/jonatha1992/Transcriptor/Audios/LP41335178.wav,500,1000,-20,no hay otra de emer [inaudible] En qué parte de ezeiza para soñar soñar la bomba dónde la van a poner En qué calle de ezeiza del aeropuerto saben qué parte no sabes en qué viene lo informo hasta luego,6,39,1
LP41335178.wav,D:/Repositorio/jonatha1992/Transcriptor/Audios/LP41335178.wav,500,1000,-25,no hay otra de emer [inaudible] En qué parte de ezeiza para soñar soñar la bomba dónde la van a poner En qué calle de ezeiza del aeropuerto saben qué parte no sabes en qué viene lo informo hasta luego,6,39,1
LP41335178.wav,D:/Repositorio/jonatha1992/Transcriptor/Audios/LP41335178.wav,500,1000,-30,no hay otra de emer auditivo y visual delictivo desde donde ya lo concluí y ahora la amenazas para el país le ponen una bomba de emergencia Yo nada más te aviso eso de toda la seguridad en qué parte de ezeiza la plata María Laura sábila es la circunferencia para sanear dañar la bomba dónde la van a ponerle en Qué detalle de ezeiza en el aeropuerto saben qué parte no sabes en qué viene No yo le informo Hasta luego Muchas gracias,3,84,0
LP41335178.wav,D:/Repositorio/jonatha1992/Transcriptor/Audios/LP41335178.wav,500,1000,-35,no hay otra de emer auditivo y visual delictivo desde donde ya lo concluí y ahora la amenazas para el país le ponen una bomba de emergencia Yo nada más te aviso eso de toda la seguridad en qué parte de ezeiza la plata María Laura sábila es la circunferencia para sanear dañar la bomba dónde la van a ponerle en Qué detalle de ezeiza en el aeropuerto saben qué parte no sabes en qué viene No yo le informo Hasta luego Muchas gracias,3,84,0
LP41335178.wav,D:/Repositorio/jonatha1992/Transcriptor/Audios/LP41335178.wav,1000,500,-20,no hay 11 de emer [inaudible] auditivo y visual del [inaudible] y ahora la amenazas para el país [inaudible] Yo nada más se hizo eso de toda la En qué parte de ezeiza pisos María Laura Salinas para soñar dañar la bomba dónde la van Oye Qué detalle en el aeropuerto saben qué no en no sabes en [inaudible] yo la le informo hasta luego,18,61,4
LP41335178.wav,D:/Repositorio/jonatha1992/Transcriptor/Audios/LP41335178.wav,1000,500,-25,no hay 11 de emer [inaudible] auditivo y visual del [inaudible] y ahora la amenazas para el país [inaudible] Yo nada más se hizo eso de toda la En qué parte de ezeiza pisos María Laura Salinas para soñar dañar la bomba dónde la van Oye Qué detalle en el aeropuerto saben qué no en no sabes en [inaudible] yo la le informo hasta luego,18,61,4
LP41335178.wav,D:/Repositorio/jonatha1992/Transcriptor/Audios/LP41335178.wav,1000,500,-30,no hay 11 de emer [inaudible] auditivo visual de [inaudible] amenazas para el país [inaudible] En qué parte de ezeiza pisos en María Laura Salinas para sanear dañar la bomba dónde la van a calle qué calle en el aeropuerto saben qué no en un no sabes en [inaudible] lo informo hasta luego,16,49,4
LP41335178.wav,D:/Repositorio/jonatha1992/Transcriptor/Audios/LP41335178.wav,1000,500,-35,no hay 11 de emer [inaudible] auditivo visual de [inaudible] amenazas para el país [inaudible] En qué parte de ezeiza pisos en María Laura Salinas para sanear dañar la bomba dónde la van a calle qué calle en el aeropuerto saben qué no en un no sabes en [inaudible] lo informo hasta luego,16,49,4
LP41335178.wav,D:/Repositorio/jonatha1992/Transcriptor/Audios/LP41335178.wav,1000,800,-20,no hay onza de auditivo y visual de [inaudible] Tú nada más te aviso eso de toda la En qué parte de ezeiza para soñar soñar la bomba dónde la van a poner En qué calle en el aeropuerto saben qué no en no sabes en qué avión le informo hasta luego,10,51,1
LP41335178.wav,D:/Repositorio/jonatha1992/Transcriptor/Audios/LP41335178.wav,1000,800,-25,no hay onza de auditivo y visual de [inaudible] Tú nada más te aviso eso de toda la En qué parte de ezeiza para soñar soñar la bomba dónde la van a poner En qué calle en el aeropuerto saben qué no en no sabes en qué avión le informo hasta luego,10,51,1
LP41335178.wav,D:/Repositorio/jonatha1992/Transcriptor/Audios/LP41335178.wav,1000,800,-30,no hay onza de emer auditivo y visual de [inaudible] Yo nada más te aviso eso de toda la seguridad en qué parte de ezeiza para sanear dañar la bomba dónde la van a poner En qué calle en el aeropuerto saben qué parte no sabes en qué avión lo informo hasta luego,7,52,1
LP41335178.wav,D:/Repositorio/jonatha1992/Transcriptor/Audios/LP41335178.wav,1000,800,-35,no hay onza de emer auditivo y visual de [inaudible] Yo nada más te aviso eso de toda la seguridad en qué parte de ezeiza para sanear dañar la bomba dónde la van a poner En qué calle en el aeropuerto saben qué parte no sabes en qué avión lo informo hasta luego,7,52,1
LP41335178.wav,D:/Repositorio/jonatha1992/Transcriptor/Audios/LP41335178.wav,1000,1000,-20,no hay onza de auditivo y visual de [inaudible] Yo nada más te aviso eso de toda la seguridad en qué parte de ezeiza para soñar soñar la bomba dónde la van a poner En qué calle de ezeiza en el aeropuerto saben qué parte no sabes en qué avión le informo hasta luego,7,53,1
LP41335178.wav,D:/Repositorio/jonatha1992/Transcriptor/Audios/LP41335178.wav,1000,1000,-25,no hay onza de auditivo y visual de [inaudible] Yo nada más te aviso eso de toda la seguridad en qué parte de ezeiza para soñar soñar la bomba dónde la van a poner En qué calle de ezeiza en el aeropuerto saben qué parte no sabes en qué avión le informo hasta luego,7,53,1
LP41335178.wav,D:/Repositorio/jonatha1992/Transcriptor/Audios/LP41335178.wav,1000,1000,-30,no hay onza de emer auditivo y visual de En qué parte de ezeiza la plata para sanear dañar la bomba dónde la van a poner galletas de ezeiza en el aeropuerto saben qué parte no sabes en qué avión lo informo hasta luego,5,44,0
LP41335178.wav,D:/Repositorio/jonatha1992/Transcriptor/Audios/LP41335178.wav,1000,1000,-35,no hay onza de emer auditivo y visual de En qué parte de ezeiza la plata para sanear dañar la bomba dónde la van a poner galletas de ezeiza en el aeropuerto saben qué parte no sabes en qué avión lo informo hasta luego,5,44,0
LP41335566.wav,D:/Repositorio/jonatha1992/Transcriptor/Audios/LP41335566.wav,300,500,-20,911 emer [inaudible] [inaudible] [inaudible] y tenías el proyecto auditivo desde los 70 era una emergencia policial en este momento hay una emergencia de bomba que van a poner porque el proyecto de depresión es militar con todo lo que está pasando en los medios te pido por favor que le comuniques al gobierno a través de eso yo te dejo eso a vos porque yo no lo voy a hacer pero cuándo es esto cuándo es de La amenaza de bomba bomba el proceso de d [inaudible] bueno denuncia que dónde van a poner una bomba en ezeiza donde pasan los aviones en un avión van a poner la bomba y Avísale al presidente que la policía avise a gobernación y esto cuándo sería [inaudible] Cómo es su Mariana hugasa quiniela circu bueno corto con usted le vamos a informar,21,136,5
LP41335566.wav,D:/Repositorio/jonatha1992/Transcriptor/Audios/LP41335566.wav,300,500,-25,911 emer [inaudible] [inaudible] y tenías el proyecto auditivo de los 70 tiene una emergencia policial en este momento hay una emergencia de bomba que van a poner porque el proyecto de depresión es militar Y con todo lo que está pasando en los medios te pido por favor que le comuniques al gobierno a través de eso yo te dejo el favor porque yo no lo voy a hacer pero cuándo es eso cuándo de La amenaza de bomba bomba el proceso de d [inaudible] bueno denuncia que dónde van a poner una bomba En ezeiza dónde va a estar los aviones en un avión van a poner la bomba y Avísale al presidente que la policía avise a gobernación y esto cuándo sería media Cómo es su [inaudible] bueno corto con usted lo vamos a informar,19,134,4
LP41335566.wav,D:/Repositorio/jonatha1992/Transcriptor/Audios/LP41335566.wav,300,500,-30,911 emer [inaudible] [inaudible] y tenías el proyecto auditivo de los 70 tiene una emergencia policial en este momento hay una emergencia de bomba que van a poner porque el proyecto de depresión es militar Y con todo lo que está pasando en los medios te pido por favor que le comuniques al gobierno a través de eso yo te dejo el favor porque yo no lo voy a hacer pero cuándo es eso cuándo de La amenaza de bomba bomba el proceso de d [inaudible] bueno denuncia que dónde van a poner una bomba En ezeiza dónde va a estar los aviones en un avión van a poner la bomba y Avísale al presidente que la policía avise a gobernación y esto cuándo sería media Cómo es su [inaudible] bueno corto con usted lo vamos a informar,19,134,4
LP41335566.wav,D:/Repositorio/jonatha1992/Transcriptor/Audios/LP41335566.wav,300,500,-35,911 emer [inaudible] [inaudible] y tenías el proyecto auditivo de los 70 tiene una emergencia policial en este momento hay una emergencia de bomba que van a poner porque el proyecto de depresión es militar Y con todo lo que está pasando en los medios te pido por favor que le comuniques al gobierno a través de eso yo te dejo el favor porque yo no lo voy a hacer pero cuándo es eso cuándo de La amenaza de bomba bomba el proceso de d [inaudible] bueno denuncia que dónde van a poner una bomba En ezeiza dónde va a estar los aviones en un avión van a poner la bomba y Avísale al presidente que la policía avise a gobernación y esto cuándo sería media Cómo es su [inaudible] bueno corto con usted lo vamos a informar,19,134,4
LP41335566.wav,D:/Repositorio/jonatha1992/Transcriptor/Audios/LP41335566.wav,300,800,-20,911 emergencias y en los ojos eran dos lentes Deli y tenías el proyecto auditivo desde los 70 tiene una emergencia policial en este momento están los aviones hay una emergencia de bomba que van a poner porque el proyecto de depresión es militar Y con todo lo que está pasando en los medios te pido por favor que le comuniques al gobierno a través de eso yo te dejo eso a vos porque yo no lo voy a hacer pero cuándo es esto cuándo es de La amenaza de bomba bomba el proceso de depresión lo sabe la policía lo que es un proyecto de presión hace la denuncia porque levantan en todo 911 y levantan toda la policía buena denuncia que dónde van a poner una bomba En ezeiza dónde va están los aviones en un avión van a poner la bomba y Avísale al presidente que la policía avise a gobernación y esto cuándo sería señor media Cómo es su nombre bueno corto con usted le vamos a informar,9,172,0
LP41335566.wav,D:/Repositorio/jonatha1992/Transcriptor/Audios/LP41335566.wav,300,800,-25,911 emergencias y en los ojos eran dos lentes delictivas y tenían el proyecto auditivo desde los 70 en alguna emergencia policial en este momento están los aviones hay una emergencia de bomba que van a poner porque el proyecto de depresión es militar Y con todo lo que está pasando en los medios te pido por favor que le comuniques al gobierno a través de eso yo te dejo esto a vos porque yo no lo voy a hacer pero cuándo es esto cuándo es de La amenaza de bomba bomba el proceso de depresión lo sabe la policía lo que es un proyecto de presión hace la denuncia porque levantan en todo 911 y levantan toda la policía bueno denuncia que dónde van a poner una bomba En ezeiza dónde está están los aviones en un avión van a poner la bomba y Avísale al presidente que la policía avise a gobernación y esto cuándo sería señor media Cómo es su nombre bueno corto con usted lo vamos a informar,8,172,0
LP41335566.wav,D:/Repositorio/jonatha1992/Transcriptor/Audios/LP41335566.wav,300,800,-30,911 emergencias y en los ojos eran dos lentes delictivas y tenían el proyecto auditivo desde los 70 en alguna emergencia policial en este momento están los aviones hay una emergencia de bomba que van a poner porque el proyecto de depresión es militar Y con todo lo que está pasando en los medios te pido por favor que le comuniques al gobierno a través de eso yo te dejo esto a vos porque yo no lo voy a hacer pero cuándo es esto cuándo es de La amenaza de bomba bomba el proceso de depresión lo sabe la policía lo que es un proyecto de presión hace la denuncia porque levantan en todo 911 y levantan toda la policía bueno denuncia que dónde van a poner una bomba En ezeiza dónde está están los aviones en un avión van a poner la bomba y Avísale al presidente que la policía avise a gobernación y esto cuándo sería señor media Cómo es su nombre bueno corto con usted lo vamos a informar,8,172,0
LP41335566.wav,D:/Repositorio/jonatha1992/Transcriptor/Audios/LP41335566.wav,300,800,-35,911 emergencias y en los ojos eran dos lentes delictivas y tenían el proyecto auditivo desde los 70 en alguna emergencia policial en este momento están los aviones hay una emergencia de bomba que van a poner porque el proyecto de depresión es militar Y con todo lo que está pasando en los medios te pido por favor que le comuniques al gobierno a través de eso yo te dejo esto a vos porque yo no lo voy a hacer pero cuándo es esto cuándo es de La amenaza de bomba bomba el proceso de depresión lo sabe la policía lo que es un proyecto de presión hace la denuncia porque levantan en todo 911 y levantan toda la policía bueno denuncia que dónde van a poner una bomba En ezeiza dónde está están los aviones en un avión van a poner la bomba y Avísale al presidente que la policía avise a gobernación y esto cuándo sería señor media Cómo es su nombre bueno corto con usted lo vamos a informar,8,172,0
LP41335566.wav,D:/Repositorio/jonatha1992/Transcriptor/Audios/LP41335566.wav,300,1000,-20,911 emergencias y en los ojos eran dos lentes delictivas y tenían el proyecto auditivo desde los 70 en alguna emergencia policial en este momento están los aviones hay una emergencia de bomba que van a poner porque el proyecto de depresión es militar Y con todo lo que está pasando en los medios te pido por favor que le comuniques al gobierno a través de eso yo te dejo esto a vos porque yo no lo voy a hacer pero cuándo es eso señor Cuándo es esto de La amenaza de bomba bomba el proceso de depresión lo sabe la policía lo que es un proyecto de presión hace la denuncia porque levantan en todo 911 y levantan toda la policía bueno denuncia que dónde van a poner una bomba en ezeiza donde va están los aviones en un avión van a poner la bomba y Avísale al presidente que la policía avise a gobernación y esto cuándo sería señor Cómo es su nombre bueno corto con usted lo vamos a informar,5,173,0
LP41335566.wav,D:/Repositorio/jonatha1992/Transcriptor/Audios/LP41335566.wav,300,1000,-25,911 emergencias y en los ojos eran dos lentes delictivas y tenían el proyecto auditivo desde los 70 en alguna emergencia policial en este momento están los aviones hay una emergencia de bomba que van a poner porque el proyecto de depresión es militar Y con todo lo que está pasando en los medios te pido por favor que le comuniques al gobierno a través de eso yo te dejo esto a vos porque yo no lo voy a hacer pero cuándo es eso señor Cuándo es esto el proceso de depresión lo sabe la policía lo que es un proyecto de presión hace la denuncia porque levantan en todo 911 y levantan toda la policía bueno denuncia que dónde van a poner una bomba en un avión van a poner la bomba y Avísale al presidente que la policía avise a gobernación y esto cuándo sería señor media hora Cómo es su nombre bueno corto con usted lo vamos a informar,4,162,0
LP41335566.wav,D:/Repositorio/jonatha1992/Transcriptor/Audios/LP41335566.wav,300,1000,-30,911 emergencias y en los ojos eran dos lentes delictivas y tenían el proyecto auditivo desde los 70 en alguna emergencia policial en este momento están los aviones hay una emergencia de bomba que van a poner porque el proyecto de depresión es militar Y con todo lo que está pasando en los medios te pido por favor que le comuniques al gobierno a través de eso yo te dejo esto a vos porque yo no lo voy a hacer pero cuándo es eso señor Cuándo es esto el proceso de depresión lo sabe la policía lo que es un proyecto de presión hace la denuncia porque levantan en todo 911 y levantan toda la policía bueno denuncia que dónde van a poner una bomba en un avión van a poner la bomba y Avísale al presidente que la policía avise a gobernación y esto cuándo sería señor media hora Cómo es su nombre bueno corto con usted lo vamos a informar,4,162,0
LP41335566.wav,D:/Repositorio/jonatha1992/Transcriptor/Audios/LP41335566.wav,300,1000,-35,911 emergencias y en los ojos eran dos lentes delictivas y tenían el proyecto auditivo desde los 70 en alguna emergencia policial en este momento están los aviones hay una emergencia de bomba que van a poner porque el proyecto de depresión es militar Y con todo lo que está pasando en los medios te pido por favor que le comuniques al gobierno a través de eso yo te dejo esto a vos porque yo no lo voy a hacer pero cuándo es eso señor Cuándo es esto el proceso de depresión lo sabe la policía lo que es un proyecto de presión hace la denuncia porque levantan en todo 911 y levantan toda la policía bueno denuncia que dónde van a poner una bomba en un avión van a poner la bomba y Avísale al presidente que la policía avise a gobernación y esto cuándo sería señor media hora Cómo es su nombre bueno corto con usted lo vamos a informar,4,162,0
LP41335566.wav,D:/Repositorio/jonatha1992/Transcriptor/Audios/LP41335566.wav,500,500,-20,911 emer [inaudible] [inaudible] [inaudible] [inaudible] el proyecto auditivo desde los 70 era una emergencia policial en este momento hay una emergencia de bomba si van a poner porque el proyecto de depresión es militar con todo lo que está pasando en los medios te pido por favor que le comuniques al gobierno a través de eso yo te dejo eso a vos porque yo no lo voy a hacer pero cuándo es eso cuándo es de La amenaza de bomba el proceso de d [inaudible] bueno denuncia que dónde van a poner una en ezeiza donde pasan los aviones en un avión van a poner la bomba y Avísale al presidente que la policía avise a gobernación y esto cuándo sería [inaudible] Cómo es su [inaudible] bueno corto con usted lo vamos a informar,23,128,7
LP41335566.wav,D:/Repositorio/jonatha1992/Transcriptor/Audios/LP41335566.wav,500,500,-25,911 emer [inaudible] [inaudible] y tenías el proyecto auditivo desde los 70 tiene alguna emergencia policial en este momento están los aviones hay una emergencia de bomba que van a poner porque el proyecto de depresión es militar con todo lo que está pasando en los medios te pido por favor que le comuniques al gobierno a través de eso yo te dejo el favor porque yo no lo voy a hacer pero cuándo es eso señor cuándo de La amenaza de bomba bomba el proceso de d [inaudible] bueno denuncia que dónde van a poner una bomba En ezeiza dónde va a estar los aviones en un avión van a poner la bomba y Avísale al presidente que la policía avise a gobernación y esto cuándo sería [inaudible] Cómo es su la circu bueno corto con usted lo vamos a informar,19,138,4
LP41335566.wav,D:/Repositorio/jonatha1992/Transcriptor/Audios/LP41335566.wav,500,500,-30,911 emer [inaudible] [inaudible] y tenías el proyecto auditivo desde los 70 tiene alguna emergencia policial en este momento están los aviones hay una emergencia de bomba que van a poner porque el proyecto de depresión es militar con todo lo que está pasando en los medios te pido por favor que le comuniques al gobierno a través de eso yo te dejo el favor porque yo no lo voy a hacer pero cuándo es eso señor cuándo de La amenaza de bomba bomba el proceso de d [inaudible] bueno denuncia que dónde van a poner una bomba En ezeiza dónde va a estar los aviones en un avión van a poner la bomba y Avísale al presidente que la policía avise a gobernación y esto cuándo sería [inaudible] Cómo es su la circu bueno corto con usted lo vamos a informar,19,138,4
LP41335566.wav,D:/Repositorio/jonatha1992/Transcriptor/Audios/LP41335566.wav,500,500,-35,911 emer [inaudible] [inaudible] y tenías el proyecto auditivo desde los 70 tiene alguna emergencia policial en este momento están los aviones hay una emergencia de bomba que van a poner porque el proyecto de depresión es militar con todo lo que está pasando en los medios te pido por favor que le comuniques al gobierno a través de eso yo te dejo el favor porque yo no lo voy a hacer pero cuándo es eso señor cuándo de La amenaza de bomba bomba el proceso de d [inaudible] bueno denuncia que dónde van a poner una bomba En ezeiza dónde va a estar los aviones en un avión van a poner la bomba y Avísale al presidente que la policía avise a gobernación y esto cuándo sería [inaudible] Cómo es su la circu bueno corto con usted lo vamos a informar,19,138,4
LP41335566.wav,D:/Repositorio/jonatha1992/Transcriptor/Audios/LP41335566.wav,500,800,-20,911 emergencias que finalizó lo tenía en el oído y en los ojos eran dos lentes Deli el proyecto auditivo desde los 70 policial en este momento están los aviones hay una emergencia de bomba que van a poner porque el proyecto de depresión es militar Y con todo lo que está pasando en los medios te pido por favor que le comuniques al gobierno a través de eso yo te dejo eso a vos porque yo no lo voy a hacer Pero cuánto es esto cuándo es de La amenaza de bomba el proceso de depresión lo sabe la policía lo que es un proyecto de depresión hace la denuncia porque levantan en todo 911 y levantan toda la policía bueno denuncia que dónde van a poner una bomba En ezeiza dónde está están los aviones en un avión van a poner la bomba y Avísale al presidente que la policía avise a gobernación y esto cuándo sería señor Cómo es su circu bueno corto con usted lo vamos a informar,10,172,0
LP41335566.wav,D:/Repositorio/jonatha1992/Transcriptor/Audios/LP41335566.wav,500,800,-25,911 emergencias que finalizó lo tenía en el oído y en los ojos eran dos lentes delictivas y tenían el proyecto auditivo desde los 70 en alguna emergencia policial en este momento están los aviones hay una emergencia de bomba que van a poner porque el proyecto de depresión es militar con todo lo que está pasando en los medios te pido por favor que le comuniques al gobierno a través de eso yo te dejo eso a vos porque yo no lo voy a hacer pero cuándo es eso cuándo es de La amenaza de bomba bomba el proceso de depresión lo sabe la policía lo que es un proyecto de depresión hace la denuncia porque levantan en todo 911 y levantan toda la policía bueno denuncia que dónde van a poner una bomba en ezeiza están los aviones en un avión van a poner la bomba y Avísale al presidente que la policía avise a gobernación y esto cuándo sería señor Cómo es su nombre bueno corto con usted lo vamos a informar,8,175,0
LP41335566.wav,D:/Repositorio/jonatha1992/Transcriptor/Audios/LP41335566.wav,500,800,-30,911 emergencias que finalizó lo tenía en el oído y en los ojos eran dos lentes delictivas y tenían el proyecto auditivo desde los 70 en alguna emergencia policial en este momento están los aviones hay una emergencia de bomba que van a poner porque el proyecto de depresión es militar con todo lo que está pasando en los medios te pido por favor que le comuniques al gobierno a través de eso yo te dejo eso a vos porque yo no lo voy a hacer pero cuándo es eso cuándo es de La amenaza de bomba bomba el proceso de depresión lo sabe la policía lo que es un proyecto de depresión hace la denuncia porque levantan en todo 911 y levantan toda la policía bueno denuncia que dónde van a poner una bomba en ezeiza están los aviones en un avión van a poner la bomba y Avísale al presidente que la policía avise a gobernación y esto cuándo sería señor Cómo es su nombre bueno corto con usted lo vamos a informar,8,175,0
LP41335566.wav,D:/Repositorio/jonatha1992/Transcriptor/Audios/LP41335566.wav,500,800,-35,911 emergencias que finalizó lo tenía en el oído y en los ojos eran dos lentes delictivas y tenían el proyecto auditivo desde los 70 en alguna emergencia policial en este momento están los aviones hay una emergencia de bomba que van a poner porque el proyecto de depresión es militar con todo lo que está pasando en los medios te pido por favor que le comuniques al gobierno a través de eso yo te dejo eso a vos porque yo no lo voy a hacer pero cuándo es eso cuándo es de La amenaza de bomba bomba el proceso de depresión lo sabe la policía lo que es un proyecto de depresión hace la denuncia porque levantan en todo 911 y levantan toda la policía bueno denuncia que dónde van a poner una bomba en ezeiza están los aviones en un avión van a poner la bomba y Avísale al presidente que la policía avise a gobernación y esto cuándo sería señor Cómo es su nombre bueno corto con usted lo vamos a informar,8,175,0
LP41335566.wav,D:/Repositorio/jonatha1992/Transcriptor/Audios/LP41335566.wav,500,1000,-20,911 emergencias que finalizó lo tenía en el oído y en los ojos eran dos lentes delictivas y tenían el proyecto auditivo desde los 70 en una emergencia policial en este momento están los aviones hay una emergencia de bomba que van a poner porque el proyecto de depresión es militar con todo lo que está pasando en los medios te pido por favor que le comuniques al gobierno a través de eso yo te dejo eso a vos porque yo no lo voy a hacer pero cuándo es eso señor Cuándo es esto de La amenaza de bomba bomba el proceso de depresión lo sabe la policía lo que es un proyecto de depresión hace la denuncia porque levantan en todo 911 y levantan toda la policía bueno denuncia que dónde van a poner una bomba En ezeiza dónde está están los aviones en un avión van a poner la bomba y Avísale al presidente que la policía avise a gobernación y esto cuándo sería señor media Cómo es su nombre bueno corto con usted lo vamos a informar,5,180,0
LP41335566.wav,D:/Repositorio/jonatha1992/Transcriptor/Audios/LP41335566.wav,500,1000,-25,911 emergencias que finalizó lo tenía en el oído y en los ojos eran dos lentes delictivas y tenían el proyecto auditivo desde los 70 en una emergencia policial en este momento están los aviones hay una emergencia de bomba que van a poner porque el proyecto de depresión es militar con todo lo que está pasando en los medios te pido por favor que le comuniques al gobierno a través de eso yo te dejo eso a vos porque yo no lo voy a hacer pero cuándo es eso señor Cuándo es esto el proceso de depresión no sabe la policía lo que es un proyecto de presión hace la denuncia porque levantan en todo el 9 de 11 y levantan toda la policía bueno denuncia que dónde van a poner una bomba en un avión van a poner la bomba y Avísale al presidente que la policía avise a gobernación y esto cuándo sería señor media Cómo es su nombre bueno corto con usted lo vamos a informar,4,170,0
LP41335566.wav,D:/Repositorio/jonatha1992/Transcriptor/Audios/LP41335566.wav,500,1000,-30,911 emergencias que finalizó lo tenía en el oído y en los ojos eran dos lentes delictivas y tenían el proyecto auditivo desde los 70 en una emergencia policial en este momento están los aviones hay una emergencia de bomba que van a poner porque el proyecto de depresión es militar con todo lo que está pasando en los medios te pido por favor que le comuniques al gobierno a través de eso yo te dejo eso a vos porque yo no lo voy a hacer pero cuándo es eso señor Cuándo es esto el proceso de depresión no sabe la policía lo que es un proyecto de presión hace la denuncia porque levantan en todo el 9 de 11 y levantan toda la policía bueno denuncia que dónde van a poner una bomba en un avión van a poner la bomba y Avísale al presidente que la policía avise a gobernación y esto cuándo sería señor media Cómo es su nombre bueno corto con usted lo vamos a informar,4,170,0
LP41335566.wav,D:/Repositorio/jonatha1992/Transcriptor/Audios/LP41335566.wav,500,1000,-35,911 emergencias que finalizó lo tenía en el oído y en los ojos eran dos lentes delictivas y tenían el proyecto auditivo desde los 70 en una emergencia policial en este momento están los aviones hay una emergencia de bomba que van a poner porque el proyecto de depresión es militar con todo lo que está pasando en los medios te pido por favor que le comuniques al gobierno a través de eso yo te dejo eso a vos porque yo no lo voy a hacer pero cuándo es eso señor Cuándo es esto el proceso de depresión no sabe la policía lo que es un proyecto de presión hace la denuncia porque levantan en todo el 9 de 11 y levantan toda la policía bueno denuncia que dónde van a poner una bomba en un avión van a poner la bomba y Avísale al presidente que la policía avise a gobernación y esto cuándo sería señor media Cómo es su nombre bueno corto con usted lo vamos a informar,4,170,0
LP41335566.wav,D:/Repositorio/jonatha1992/Transcriptor/Audios/LP41335566.wav,1000,500,-20,911 [inaudible] [inaudible] [inaudible] [inaudible] [inaudible] desde los tienes una emergencia policial en este momento hay una emergencia de bomba que van a poner porque el proyecto de depresión es Mili con todo lo que está pasando en los medios te pido por favor que le comuniques al gobierno a través de eso yo te dejo el favor porque yo no lo voy a hacer cuándo es de La amenaza de bomba el proyecto de [inaudible] bueno denuncia que dónde van a poner una en ezeiza donde pasan los aviones en un avión van a poner la bomba y Avísale al presidente que la policía avise a gobernación y esto cuándo sería [inaudible] Cómo es su Mariana uzaki Mira la circu bueno corto con usted lo vamos a informar,24,122,7
LP41335566.wav,D:/Repositorio/jonatha1992/Transcriptor/Audios/LP41335566.wav,1000,500,-25,911 [inaudible] Yo tengo un proyecto de depresión que fina [inaudible] tenías el proyecto Audi desde los 70 tiene una emergencia policial en este momento hay una emergencia de bomba que van a poner porque el proyecto de depresión es militar con todo lo que está pasando en los medios te pido por favor que le comuniques al gobierno a través de eso yo te dejo eso a vos porque yo no lo voy a hacer pero cuándo es eso cuándo de La amenaza de bomba bomba el proyecto de d [inaudible] bueno denuncia que dónde van a poner una bomba En ezeiza dónde va a estar los aviones en un avión van a poner la bomba y Avísale al presidente que la policía avise a gobernación y esto cuándo sería [inaudible] Cómo es su María Laura sátira la circu bueno corto con usted lo vamos a informar,21,144,4
LP41335566.wav,D:/Repositorio/jonatha1992/Transcriptor/Audios/LP41335566.wav,1000,500,-30,911 [inaudible] Yo tengo un proyecto de depresión que fina [inaudible] tenías el proyecto Audi desde los 70 tiene una emergencia policial en este momento hay una emergencia de bomba que van a poner porque el proyecto de depresión es militar con todo lo que está pasando en los medios te pido por favor que le comuniques al gobierno a través de eso yo te dejo eso a vos porque yo no lo voy a hacer pero cuándo es eso cuándo de La amenaza de bomba bomba el proyecto de d [inaudible] bueno denuncia que dónde van a poner una bomba En ezeiza dónde va a estar los aviones en un avión van a poner la bomba y Avísale al presidente que la policía avise a gobernación y esto cuándo sería [inaudible] Cómo es su María Laura sátira la circu bueno corto con usted lo vamos a informar,21,144,4
LP41335566.wav,D:/Repositorio/jonatha1992/Transcriptor/Audios/LP41335566.wav,1000,500,-35,911 [inaudible] Yo tengo un proyecto de depresión que fina [inaudible] tenías el proyecto Audi desde los 70 tiene una emergencia policial en este momento hay una emergencia de bomba que van a poner porque el proyecto de depresión es militar con todo lo que está pasando en los medios te pido por favor que le comuniques al gobierno a través de eso yo te dejo eso a vos porque yo no lo voy a hacer pero cuándo es eso cuándo de La amenaza de bomba bomba el proyecto de d [inaudible] bueno denuncia que dónde van a poner una bomba En ezeiza dónde va a estar los aviones en un avión van a poner la bomba y Avísale al presidente que la policía avise a gobernación y esto cuándo sería [inaudible] Cómo es su María Laura sátira la circu bueno corto con usted lo vamos a informar,21,144,4
LP41335566.wav,D:/Repositorio/jonatha1992/Transcriptor/Audios/LP41335566.wav,1000,800,-20,911 emergencias que finalizó lo tenía en el oído y en los ojos eran dos lentes Deli el proyecto auditivo desde los 70 en una emergencia policial en este momento están los aviones hay una emergencia de bomba que van a poner porque el proyecto de depresión es militar con todo lo que está pasando en los medios te pido por favor que le comuniques al gobierno a través de eso yo te dejo eso a vos porque yo no lo voy a hacer pero cuándo es eso cuándo de La amenaza de bomba el proyecto de depresión no sabe la policía lo que es un proyecto de presión hace la denuncia porque levanta en todo 911 y levantan toda la policía bueno denuncia que dónde van a poner una bomba están los aviones en un avión van a poner la bomba y Avísale al presidente que la policía avise a gobernación y esto cuándo sería señor Cómo la circu bueno corto con usted lo vamos a informar,10,168,0
LP41335566.wav,D:/Repositorio/jonatha1992/Transcriptor/Audios/LP41335566.wav,1000,800,-25,911 emergencias en el oído y en los ojos eran dos lentes delictivas y tenían el proyecto auditivo desde los 70 en una emergencia policial en este momento están los aviones hay una emergencia de bomba que van a poner porque el proyecto de depresión es militar Y con todo lo que está pasando en los medios te pido por favor que le comuniques al gobierno a través de eso yo te dejo eso a vos porque yo no lo voy a hacer pero cuándo es eso cuándo es de La amenaza de bomba bomba el proyecto de depresión lo sabe la policía lo que es un proyecto de presión hace la denuncia porque levantan en todo 911 y levantan toda la policía bueno denuncia que dónde van a poner una bomba están los aviones en un avión van a poner la bomba y Avísale al presidente que la policía avise a gobernación y esto cuándo sería señor Cómo es su nombre bueno corto con usted lo vamos a informar,8,170,0
LP41335566.wav,D:/Repositorio/jonatha1992/Transcriptor/Audios/LP41335566.wav,1000,800,-30,911 emergencias en el oído y en los ojos eran dos lentes delictivas y tenían el proyecto auditivo desde los 70 en una emergencia policial en este momento están los aviones hay una emergencia de bomba que van a poner porque el proyecto de depresión es militar Y con todo lo que está pasando en los medios te pido por favor que le comuniques al gobierno a través de eso yo te dejo eso a vos porque yo no lo voy a hacer pero cuándo es eso cuándo es de La amenaza de bomba bomba el proyecto de depresión lo sabe la policía lo que es un proyecto de presión hace la denuncia porque levantan en todo 911 y levantan toda la policía bueno denuncia que dónde van a poner una bomba están los aviones en un avión van a poner la bomba y Avísale al presidente que la policía avise a gobernación y esto cuándo sería señor Cómo es su nombre bueno corto con usted lo vamos a informar,8,170,0
LP41335566.wav,D:/Repositorio/jonatha1992/Transcriptor/Audios/LP41335566.wav,1000,800,-35,911 emergencias en el oído y en los ojos eran dos lentes delictivas y tenían el proyecto auditivo desde los 70 en una emergencia policial en este momento están los aviones hay una emergencia de bomba que van a poner porque el proyecto de depresión es militar Y con todo lo que está pasando en los medios te pido por favor que le comuniques al gobierno a través de eso yo te dejo eso a vos porque yo no lo voy a hacer pero cuándo es eso cuándo es de La amenaza de bomba bomba el proyecto de depresión lo sabe la policía lo que es un proyecto de presión hace la denuncia porque levantan en todo 911 y levantan toda la policía bueno denuncia que dónde van a poner una bomba están los aviones en un avión van a poner la bomba y Avísale al presidente que la policía avise a gobernación y esto cuándo sería señor Cómo es su nombre bueno corto con usted lo vamos a informar,8,170,0
LP41335566.wav,D:/Repositorio/jonatha1992/Transcriptor/Audios/LP41335566.wav,1000,1000,-20,911 emergencias en el oído y en los ojos eran dos lentes delictivas y tenían el proyecto auditivo desde los 70 en una emergencia policial en este momento están los aviones hay una emergencia de bomba que van a poner porque el proyecto de depresión es militar Y con todo lo que está pasando en los medios te pido por favor que le comuniques al gobierno a través de eso yo te dejo eso a vos porque yo no lo voy a hacer pero cuándo es esta señora Cuándo es esto de La amenaza de bomba bomba el proyecto de depresión no sabe la policía lo que es un proyecto de presión hace la denuncia porque levanta en todo 911 y levantan toda la policía bueno denuncia que dónde van a poner una bomba están los aviones en un avión van a poner la bomba y Avísale al presidente que la policía avise a gobernación y esto cuándo sería señor Cómo es su nombre bueno corto con usted le vamos a informar,5,172,0
LP41335566.wav,D:/Repositorio/jonatha1992/Transcriptor/Audios/LP41335566.wav,1000,1000,-25,911 emergencias en el oído y en los ojos eran dos lentes delictivas y tenían el proyecto auditivo desde los 70 en una emergencia policial en este momento están los aviones hay una emergencia de bomba que van a poner porque el proyecto de depresión es militar Y con todo lo que está pasando en los medios te pido por favor que le comuniques al gobierno a través de eso yo te dejo eso a vos porque yo no lo voy a hacer pero cuándo es esta señora Cuándo es esto de La amenaza de bomba bomba el proceso de depresión no sabe la policía lo que es un proyecto de depresión hace la denuncia porque levantan toda la policía fuera denuncia que dónde van a poner una bomba en un avión van a poner la bomba y Avísale al presidente que la policía avise a gobernación y esto cuándo sería señor en media hora Cómo es su nombre bueno corto con usted lo vamos a informar,4,167,0
LP41335566.wav,D:/Repositorio/jonatha1992/Transcriptor/Audios/LP41335566.wav,1000,1000,-30,911 emergencias en el oído y en los ojos eran dos lentes delictivas y tenían el proyecto auditivo desde los 70 en una emergencia policial en este momento están los aviones hay una emergencia de bomba que van a poner porque el proyecto de depresión es militar Y con todo lo que está pasando en los medios te pido por favor que le comuniques al gobierno a través de eso yo te dejo eso a vos porque yo no lo voy a hacer pero cuándo es esta señora Cuándo es esto de La amenaza de bomba bomba el proceso de depresión no sabe la policía lo que es un proyecto de depresión hace la denuncia porque levantan toda la policía fuera denuncia que dónde van a poner una bomba en un avión van a poner la bomba y Avísale al presidente que la policía avise a gobernación y esto cuándo sería señor en media hora Cómo es su nombre bueno corto con usted lo vamos a informar,4,167,0
LP41335566.wav,D:/Repositorio/jonatha1992/Transcriptor/Audios/LP41335566.wav,1000,1000,-35,911 emergencias en el oído y en los ojos eran dos lentes delictivas y tenían el proyecto auditivo desde los 70 en una emergencia policial en este momento están los aviones hay una emergencia de bomba que van a poner porque el proyecto de depresión es militar Y con todo lo que está pasando en los medios te pido por favor que le comuniques al gobierno a través de eso yo te dejo eso a vos porque yo no lo voy a hacer pero cuándo es esta señora Cuándo es esto de La amenaza de bomba bomba el proceso de depresión no sabe la policía lo que es un proyecto de depresión hace la denuncia porque levantan toda la policía fuera denuncia que dónde van a poner una bomba en un avión van a poner la bomba y Avísale al presidente que la policía avise a gobernación y esto cuándo sería señor en media hora Cómo es su nombre bueno corto con usted lo vamos a informar,4,167,0
PRUEBA LLAMADA1.wav,D:/Repositorio/jonatha1992/Transcriptor/Audios/PRUEBA LLAMADA1.wav,300,500,-20,[inaudible] [inaudible] [inaudible] [inaudible] cómo cómo Pásate descansando Pues ya son [inaudible] no puedo MMM [inaudible] es una [inaudible] eso Sí pero de repente [inaudible] [inaudible] mañana vas a quedar para todos no [inaudible] [inaudible] Qué bien hermano es el Ministerio pero éste se acabó Entonces yo me quedo [inaudible] Yo también ya se me pasó ahora el 19 estoy hablando para que [inaudible] [inaudible] [inaudible] Sí oye mi mamá bueno [inaudible] [inaudible] [inaudible] [inaudible] [inaudible] bueno descan [inaudible] [inaudible] toma sí [inaudible] [inaudible] [inaudible] [inaudible] [inaudible],46,60,27
PRUEBA LLAMADA1.wav,D:/Repositorio/jonatha1992/Transcriptor/Audios/PRUEBA LLAMADA1.wav,300,500,-25,[inaudible] [inaudible] [inaudible] Hola [inaudible] Cómo que tú cómo estás acá estoy descansando ya me voy son [inaudible] MMM [inaudible] es una sí qué es lo que Sí pero de repente [inaudible] [inaudible] mañana vas a quedar para hacerlo [inaudible] [inaudible] Qué bien hermano es el Ministerio pero éste se acabó Entonces cuando se sube el volumen para sí para que [inaudible] [inaudible] [inaudible] [inaudible] Sí oye mi mamá bueno [inaudible] [inaudible] [inaudible] [inaudible] [inaudible] bueno [inaudible] [inaudible] [inaudible] toma Sí claro [inaudible] [inaudible] [inaudible] [inaudible],45,60,26
PRUEBA LLAMADA1.wav,D:/Repositorio/jonatha1992/Transcriptor/Audios/PRUEBA LLAMADA1.wav,300,500,-30,[inaudible] [inaudible] [inaudible] Hola [inaudible] Cómo que tú cómo estás acá estoy descansando Pues ya me voy son una transmisión [inaudible] MMM sí es una mentira eso Qué es lo Sí pero de repente Ah sí sí [inaudible] mañana ya tienes para hacerlo [inaudible] [inaudible] Qué bien hermano es el Ministerio pero éste se apagó Entonces cuando te estuve volviendo más [inaudible] [inaudible] [inaudible] [inaudible] [inaudible] Sí ahí viene mi mamá bueno [inaudible] [inaudible] [inaudible] [inaudible] [inaudible] bueno descan [inaudible] [inaudible] toma Sí claro este [inaudible] [inaudible] [inaudible] [inaudible],42,65,24
PRUEBA LLAMADA1.wav,D:/Repositorio/jonatha1992/Transcriptor/Audios/PRUEBA LLAMADA1.wav,300,500,-35,Hola gente acá estoy descansando ya me voy a salir sí eso es lo que pasa Ahí sí mañana vas a quedar para todos no sé qué bien hermano es el Ministerio pero el que se acabó Entonces cuando vayamos pasado ahora mismo,1,43,0
PRUEBA LLAMADA1.wav,D:/Repositorio/jonatha1992/Transcriptor/Audios/PRUEBA LLAMADA1.wav,300,800,-20,[inaudible] [inaudible] Cómo se dice a que se descansando ya me MMM sí es una eso hace es lo que Sí pero de repente Ah sí sí mañana vas a quedar para todos no [inaudible] [inaudible] Qué bien hermano es el Ministerio pero éste se acabó Entonces ya me quedo Cómo [inaudible] estoy hablando para que [inaudible] [inaudible] [inaudible] Sí mi mamá pasó algo [inaudible] [inaudible] bueno [inaudible] toma Sí claro [inaudible] [inaudible] [inaudible],29,60,14
PRUEBA LLAMADA1.wav,D:/Repositorio/jonatha1992/Transcriptor/Audios/PRUEBA LLAMADA1.wav,300,800,-25,Hola [inaudible] ya me son importantes MMM switch es una eso hace es lo que pasa Ahí sí pero de repente [inaudible] mañana te quedas para todos no [inaudible] [inaudible] Qué bien hermano es el Ministerio pero éste se acabó Entonces cuando se sube el volumen hijas del pasado ahora para que [inaudible] [inaudible] [inaudible] Sí oye mi mamá pasaron [inaudible] [inaudible] bueno descanso toma Sí claro [inaudible] [inaudible] [inaudible],26,58,12
PRUEBA LLAMADA1.wav,D:/Repositorio/jonatha1992/Transcriptor/Audios/PRUEBA LLAMADA1.wav,300,800,-30,Hola [inaudible] Cómo que tú cómo estás esté descansando Pues ya me voy son una transmisión de mi papá MMM sí es una mentira sí eso hace es lo que pasa Ahí sí yo no de repente [inaudible] mañana ya tienes para todos no no [inaudible] [inaudible] Qué bien hermano es el Ministerio pero éste se apagó entonces [inaudible] [inaudible] [inaudible] [inaudible] Sí ahí viene mi mamá pasó algo bueno [inaudible] [inaudible] bueno [inaudible] toma Sí claro [inaudible] [inaudible] [inaudible],25,66,14
PRUEBA LLAMADA1.wav,D:/Repositorio/jonatha1992/Transcriptor/Audios/PRUEBA LLAMADA1.wav,300,800,-35,Hola gente acá estoy descansando ya me voy a salir sí eso es lo que pasa Ahí sí mañana vas a quedar para todos no sé qué bien hermano es el Ministerio pero el que se acabó Entonces cuando vayamos pasado ahora mismo,1,43,0
PRUEBA LLAMADA1.wav,D:/Repositorio/jonatha1992/Transcriptor/Audios/PRUEBA LLAMADA1.wav,300,1000,-20,[inaudible] [inaudible] Cómo Cómo se dice acá estoy descansando ya son mi papá Mmm sí sí es una inspiración esa base es lo que pasa ahí sin [inaudible] mañana vas a quedar para Puebla no [inaudible] Mmm qué bien hermano es el 16 pero éste se acabó Entonces cuando te estuve como una vuelta Yo también me hace falta ahora este señores [inaudible] [inaudible] [inaudible] Sí está bien mi mamá pasó bueno [inaudible] bueno [inaudible] toma Sí claro [inaudible] [inaudible],21,69,11
PRUEBA LLAMADA1.wav,D:/Repositorio/jonatha1992/Transcriptor/Audios/PRUEBA LLAMADA1.wav,300,1000,-25,Hola [inaudible] son importantes Mmm sí sí sí es una Veracruz eso hace es lo que pasa Ahí sí pero no de repente [inaudible] mañana te quedas para hacerlo no [inaudible] Mmm qué bien no más el Ministerio pero éste se acabó Entonces yo me quedo bueno la vuelta y otra vez ya se me pasó ahora mismo [inaudible] [inaudible] [inaudible] Sí oye mi mamá pasaron bueno descanso toma Sí claro [inaudible] [inaudible],19,65,8
PRUEBA LLAMADA1.wav,D:/Repositorio/jonatha1992/Transcriptor/Audios/PRUEBA LLAMADA1.wav,300,1000,-30,Hola gente acá estoy descansando ya me voy son una transmisión Mmm sí sí sí Veracruz es lo que pasa Ahí sí yo no de repente [inaudible] mañana vas a quedar para todos no no [inaudible] Mmm qué bien mamá es el Ministerio pero éste se apagó entonces todo lo demás el pasado ahora mismo para que vayas [inaudible] [inaudible] Sí ahí viene mi mamá pasó algo bueno bueno [inaudible] Okay toma Sí claro [inaudible] [inaudible],16,69,7
PRUEBA LLAMADA1.wav,D:/Repositorio/jonatha1992/Transcriptor/Audios/PRUEBA LLAMADA1.wav,300,1000,-35,Hola gente acá estoy descansando ya me voy a salir sí eso es lo que pasa Ahí sí mañana vas a quedar para todos no sé qué bien hermano es el Ministerio pero el que se acabó Entonces cuando vayamos pasado ahora mismo,1,43,0
PRUEBA LLAMADA1.wav,D:/Repositorio/jonatha1992/Transcriptor/Audios/PRUEBA LLAMADA1.wav,500,500,-20,[inaudible] [inaudible] [inaudible] [inaudible] solo Jesús acá estoy descansando ya son no MMM [inaudible] es una [inaudible] es lo que Sí pero de repente Ah sí sí [inaudible] mañana te quedas para todos no [inaudible] [inaudible] qué bien mamadas el Ministerio pero éste se acabó Entonces ya me quedo [inaudible] neta ya se me pasó ahora el 19 buenas noches [inaudible] [inaudible] [inaudible] Sí oye mi mamá bueno [inaudible] [inaudible] [inaudible] [inaudible] [inaudible] bueno [inaudible] [inaudible] [inaudible] toma Sí claro [inaudible] [inaudible] [inaudible] [inaudible] [inaudible],45,59,26
PRUEBA LLAMADA1.wav,D:/Repositorio/jonatha1992/Transcriptor/Audios/PRUEBA LLAMADA1.wav,500,500,-25,[inaudible] [inaudible] [inaudible] Hola [inaudible] Cómo cómo estás acá estoy descansando ya me voy son una transmisión [inaudible] MMM sí es una [inaudible] es lo que Sí pero de repente [inaudible] [inaudible] mañana ya tienes para hacerlo [inaudible] [inaudible] qué bien mamá es el Ministerio pero éste se apagó Entonces cuando hablamos bueno güey [inaudible] para que [inaudible] [inaudible] [inaudible] [inaudible] Sí oye mi mamá bueno [inaudible] [inaudible] [inaudible] [inaudible] [inaudible] bueno [inaudible] [inaudible] [inaudible] toma Sí claro [inaudible] [inaudible] [inaudible] [inaudible],44,55,27
PRUEBA LLAMADA1.wav,D:/Repositorio/jonatha1992/Transcriptor/Audios/PRUEBA LLAMADA1.wav,500,500,-30,[inaudible] Hola gente acá estoy descansando Pero ya me voy a salir con mi papá papá,2,15,1
PRUEBA LLAMADA1.wav,D:/Repositorio/jonatha1992/Transcriptor/Audios/PRUEBA LLAMADA1.wav,500,500,-35,[inaudible],1,0,1
PRUEBA LLAMADA1.wav,D:/Repositorio/jonatha1992/Transcriptor/Audios/PRUEBA LLAMADA1.wav,500,800,-20,[inaudible] [inaudible] Cómo se dice acá estoy descansando ya [inaudible] MMM sí es una eso hace es lo que Sí pero de repente [inaudible] mañana vas a quedar para Puebla no [inaudible] [inaudible] qué bien mamadas el Ministerio pero éste se acabó Entonces ya me quedo pero sí buenas noches [inaudible] [inaudible] [inaudible] Sí mi mamá pasa algo [inaudible] [inaudible] bueno [inaudible] toma Sí claro [inaudible] [inaudible] [inaudible],29,53,15
PRUEBA LLAMADA1.wav,D:/Repositorio/jonatha1992/Transcriptor/Audios/PRUEBA LLAMADA1.wav,500,800,-25,[inaudible] [inaudible] Cómo cómo Entonces acá estoy descansando ya me son importantes MMM sí es una mentira sí eso hace es lo que pasa Ahí sí que no de repente [inaudible] mañana te quedas para hacerlo no [inaudible] [inaudible] qué bien mamá es el Ministerio pero éste se acabó entonces todo lo demás en el pasado ahora para que [inaudible] [inaudible] [inaudible] Sí oye mi mamá pastel [inaudible] [inaudible] bueno descanso toma Sí claro [inaudible] [inaudible] [inaudible],25,64,13
PRUEBA LLAMADA1.wav,D:/Repositorio/jonatha1992/Transcriptor/Audios/PRUEBA LLAMADA1.wav,500,800,-30,[inaudible],1,0,1
PRUEBA LLAMADA1.wav,D:/Repositorio/jonatha1992/Transcriptor/Audios/PRUEBA LLAMADA1.wav,500,800,-35,[inaudible],1,0,1
PRUEBA LLAMADA1.wav,D:/Repositorio/jonatha1992/Transcriptor/Audios/PRUEBA LLAMADA1.wav,500,1000,-20,[inaudible] [inaudible] Cómo cómo estás este paquete descansando ya me Mmm sí sí es una Veracruz eso hace es lo que pasa Ahí sí yo no de repente Ah sí sí mañana vas a quedar para Puebla no [inaudible] [inaudible] Qué bien hermano es el Ministerio pero éste se acabó Entonces yo me quedo como una buena hija ya se me pasó ahora mismo [inaudible] [inaudible] [inaudible] Sí está bien mi mamá está haciendo bueno [inaudible] bueno [inaudible] toma Sí claro [inaudible] [inaudible],22,72,11
PRUEBA LLAMADA1.wav,D:/Repositorio/jonatha1992/Transcriptor/Audios/PRUEBA LLAMADA1.wav,500,1000,-25,[inaudible] [inaudible] son importantes Mmm sí sí es una Veracruz eso hace es lo que pasa Ahí sí pero no de repente [inaudible] mañana te quedas para hacerlo [inaudible] Mmm qué bien no más el Ministerio pero éste se acabó Entonces ya no se puede volver a llamar hija del pasado ahora que vayas [inaudible] [inaudible] Sí oye mi mamá bueno descanso toma Sí claro [inaudible] [inaudible],17,59,8
PRUEBA LLAMADA1.wav,D:/Repositorio/jonatha1992/Transcriptor/Audios/PRUEBA LLAMADA1.wav,500,1000,-30,[inaudible],1,0,1
PRUEBA LLAMADA1.wav,D:/Repositorio/jonatha1992/Transcriptor/Audios/PRUEBA LLAMADA1.wav,500,1000,-35,[inaudible],1,0,1
PRUEBA LLAMADA1.wav,D:/Repositorio/jonatha1992/Transcriptor/Audios/PRUEBA LLAMADA1.wav,1000,500,-20,[inaudible] [inaudible] [inaudible] [inaudible] cómo cómo acá estoy descansando ya son no puedo son [inaudible] es una [inaudible] es lo que Sí pero de repente Ah sí sí [inaudible] mañana te quedas para todos no [inaudible] [inaudible] Qué bien hermano es el Ministerio pero éste se acabó Entonces ya no te pude volver a llamar Cómo y otra vez ya se me pasó ahora el 19 Pero bueno para que [inaudible] [inaudible] [inaudible] Sí oye mi mamá bueno [inaudible] [inaudible] [inaudible] [inaudible] [inaudible] bueno [inaudible] [inaudible] [inaudible] toma claro [inaudible] [inaudible] [inaudible] [inaudible] [inaudible],45,69,25
PRUEBA LLAMADA1.wav,D:/Repositorio/jonatha1992/Transcriptor/Audios/PRUEBA LLAMADA1.wav,1000,500,-25,[inaudible] [inaudible] [inaudible] Hola [inaudible] Cómo que tú cómo estás acá estoy descansando ya me voy [inaudible] [inaudible] MMM switch es una eso qué es lo que síntoma de repente Ah sí entonces [inaudible] mañana ya tienes para hacerlo [inaudible] [inaudible] Qué bien Me mueves el 16 pero éste se apagó Entonces cuando se sube el volumen neta ya se le pasó ahora el 19 Pero bueno para que vaya [inaudible] [inaudible] [inaudible] [inaudible] Sí oye mi mamá bueno [inaudible] [inaudible] [inaudible] [inaudible] [inaudible] bueno [inaudible] [inaudible] [inaudible] toma Sí claro este [inaudible] [inaudible] [inaudible] [inaudible],43,71,25
PRUEBA LLAMADA1.wav,D:/Repositorio/jonatha1992/Transcriptor/Audios/PRUEBA LLAMADA1.wav,1000,500,-30,Hola gente acá estoy descansando ya me voy a salir sí es lo que pasa Ahí sí yo no entiendo no queriendo más el Ministerio pero éste se acabó entonces bueno que todo lo demás el pasado ahora mismo,1,39,0
PRUEBA LLAMADA1.wav,D:/Repositorio/jonatha1992/Transcriptor/Audios/PRUEBA LLAMADA1.wav,1000,500,-35,Hola gente acá estoy descansando ya me voy a salir sí es lo que pasa Ahí sí yo no entiendo no queriendo más el Ministerio pero éste se acabó entonces bueno que todo lo demás el pasado ahora mismo,1,39,0
PRUEBA LLAMADA1.wav,D:/Repositorio/jonatha1992/Transcriptor/Audios/PRUEBA LLAMADA1.wav,1000,800,-20,[inaudible] [inaudible] Cómo cómo estás Este acá estoy descansando ya son no puedo son sí es una eso hace eso síntoma de repente [inaudible] mañana vas a quedar para Puebla no [inaudible] [inaudible] Qué bien hermano es el Ministerio pero éste se acabó Entonces ya no te tuve como una buena hija Yo también ya se me pasó ahora el 19 Pero bueno para que [inaudible] [inaudible] [inaudible] Bueno mi mamá pasó algo bueno [inaudible] [inaudible] bueno descanso toma Sí claro [inaudible] [inaudible] [inaudible],29,71,13
PRUEBA LLAMADA1.wav,D:/Repositorio/jonatha1992/Transcriptor/Audios/PRUEBA LLAMADA1.wav,1000,800,-25,Hola [inaudible] Cómo cómo estás acá estoy descansando ya me voy son mi papá MMM switch es una mentira sí eso hace es lo que pasa Ahí sí [inaudible] mañana te quedas para hacerlo no [inaudible] [inaudible] Qué bien hermano es el Ministerio pero éste se acabó entonces Pero bueno para que [inaudible] [inaudible] [inaudible] Sí oye mi mamá pásame [inaudible] [inaudible] bueno descanso [inaudible] Sí claro [inaudible] [inaudible] [inaudible],25,57,13
PRUEBA LLAMADA1.wav,D:/Repositorio/jonatha1992/Transcriptor/Audios/PRUEBA LLAMADA1.wav,1000,800,-30,Hola gente acá estoy descansando ya me voy a salir sí es lo que pasa Ahí sí yo no entiendo no queriendo más el Ministerio pero éste se acabó entonces bueno que todo lo demás el pasado ahora mismo,1,39,0
PRUEBA LLAMADA1.wav,D:/Repositorio/jonatha1992/Transcriptor/Audios/PRUEBA LLAMADA1.wav,1000,800,-35,Hola gente acá estoy descansando ya me voy a salir sí es lo que pasa Ahí sí yo no entiendo no queriendo más el Ministerio pero éste se acabó entonces bueno que todo lo demás el pasado ahora mismo,1,39,0
PRUEBA LLAMADA1.wav,D:/Repositorio/jonatha1992/Transcriptor/Audios/PRUEBA LLAMADA1.wav,1000,1000,-20,[inaudible] bonita Cómo estás acá estoy descansando ya [inaudible] son 86 es una inspiración es lo que pasa Ahí sí pero tiene [inaudible] mañana vas a quedar para Puebla no [inaudible] [inaudible] Qué bien hermano es el Ministerio pero éste se acabó Entonces ya no te tuve Cómo la vuelta ya se me pasó ahora mismo [inaudible] [inaudible] [inaudible] Sí está bien mi mamá para pasarlo [inaudible] bueno descanso toma [inaudible] [inaudible] [inaudible],21,61,12
PRUEBA LLAMADA1.wav,D:/Repositorio/jonatha1992/Transcriptor/Audios/PRUEBA LLAMADA1.wav,1000,1000,-25,Hola [inaudible] son mi papá Mmm sí sí eres una mentira Plus eso hace es lo que pasa Ahí sí pero no de repente [inaudible] mañana te quedas para hacerlo [inaudible] Mmm qué bien no más el Ministerio pero éste se apagó entonces [inaudible] [inaudible] Sí oye mi mamá pásame [inaudible] descanso [inaudible] Sí claro [inaudible] [inaudible],17,48,9
PRUEBA LLAMADA1.wav,D:/Repositorio/jonatha1992/Transcriptor/Audios/PRUEBA LLAMADA1.wav,1000,1000,-30,Hola gente acá estoy descansando ya me voy a salir sí es lo que pasa Ahí sí yo no entiendo no queriendo más el Ministerio pero éste se acabó entonces bueno que todo lo demás el pasado ahora mismo,1,39,0
PRUEBA LLAMADA1.wav,D:/Repositorio/jonatha1992/Transcriptor/Audios/PRUEBA LLAMADA1.wav,1000,1000,-35,Hola gente acá estoy descansando ya me voy a salir sí es lo que pasa Ahí sí yo no entiendo no queriendo más el Ministerio pero éste se acabó entonces bueno que todo lo demás el pasado ahora mismo,1,39,0
